                   ,Elliot Fetterman ,Rafael Bosak ,Aleks Bosak ,Habib Khalil ,Manoj ,Anita ,Faycal Monique ,Emil Rider ,Edmund Bosak ,Jordan Hayes ,Ina ,Chae-Yeong ,Adrian Vue ,Alexandr Matveev ,ihsotas ,Dai Zhihao ,The Traveler ,Yaqut ,Dylan the Ricer ,Fulco Lister ,Hamza ,Harrison Arkwright ,John Smith ,Lewis Rodney ,Marcel Thomas ,Mark Mullens ,Nick Mueller ,Nirmala Bulan ,Rashid Al-Haddad ,Sakina Nagi ,Taylor Walsh ,Thath ,The Flaberjackles ,Guiying Yan ,Mei Liao ,Tao Lei ,Lorreta the Cougar ,Felix Vue
Elliot Fetterman   ,                 ,             ,            ,             ,      ,      ,               ,           ,             ,             ,    ,           ,           ,                 ,        ,           ,             ,      ,                ,             ,      ,                   ,           ,             ,              ,             ,             ,              ,                 ,            ,             ,      ,                  ,            ,         ,        ,                   ,
Rafael Bosak       ,                 ,             ,            ,             ,      ,      ,               ,           ,             ,             ,    ,           ,           ,                 ,        ,           ,             ,      ,                ,             ,      ,                   ,           ,             ,              ,             ,             ,              ,                 ,            ,             ,      ,                  ,            ,         ,        ,                   ,
Aleks Bosak        ,                 ,             ,            ,             ,      ,      ,               ,           ,             ,             ,    ,           ,           ,                 ,        ,           ,             ,      ,                ,             ,      ,                   ,           ,             ,              ,             ,             ,              ,                 ,            ,             ,      ,                  ,            ,         ,        ,                   ,
Habib Khalil       ,                 ,             ,            ,             ,      ,      ,               ,           ,             ,             ,    ,           ,           ,                 ,        ,           ,             ,      ,                ,             ,      ,                   ,           ,             ,              ,             ,             ,              ,                 ,            ,             ,      ,                  ,            ,         ,        ,                   ,
Manoj              ,                 ,             ,            ,             ,      ,      ,               ,           ,             ,             ,    ,           ,           ,                 ,        ,           ,             ,      ,                ,             ,      ,                   ,           ,             ,              ,             ,             ,              ,                 ,            ,             ,      ,                  ,            ,         ,        ,                   ,
Anita              ,                 ,             ,            ,             ,      ,      ,               ,           ,             ,             ,    ,           ,           ,                 ,        ,           ,             ,      ,                ,             ,      ,                   ,           ,             ,              ,             ,             ,              ,                 ,            ,             ,      ,                  ,            ,         ,        ,                   ,
Faycal Monique     ,                 ,             ,            ,             ,      ,      ,               ,           ,             ,             ,    ,           ,           ,                 ,        ,           ,             ,      ,                ,             ,      ,                   ,           ,             ,              ,             ,             ,              ,                 ,            ,             ,      ,                  ,            ,         ,        ,                   ,
Emil Rider         ,                 ,             ,            ,             ,      ,      ,               ,           ,             ,             ,    ,           ,           ,                 ,        ,           ,             ,      ,                ,             ,      ,                   ,           ,             ,              ,             ,             ,              ,                 ,            ,             ,      ,                  ,            ,         ,        ,                   ,
Edmund Bosak       ,                 ,             ,            ,             ,      ,      ,               ,           ,             ,             ,    ,           ,           ,                 ,        ,           ,             ,      ,                ,             ,      ,                   ,           ,             ,              ,             ,             ,              ,                 ,            ,             ,      ,                  ,            ,         ,        ,                   ,
Jordan Hayes       ,                 ,             ,            ,             ,      ,      ,               ,           ,             ,             ,    ,           ,           ,                 ,        ,           ,             ,      ,                ,             ,      ,                   ,           ,             ,              ,             ,             ,              ,                 ,            ,             ,      ,                  ,            ,         ,        ,                   ,
Ina                ,                 ,             ,            ,             ,      ,      ,               ,           ,             ,             ,    ,           ,           ,                 ,        ,           ,             ,      ,                ,             ,      ,                   ,           ,             ,              ,             ,             ,              ,                 ,            ,             ,      ,                  ,            ,         ,        ,                   ,
Chae-Yeong         ,                 ,             ,            ,             ,      ,      ,               ,           ,             ,             ,    ,           ,           ,                 ,        ,           ,             ,      ,                ,             ,      ,                   ,           ,             ,              ,             ,             ,              ,                 ,            ,             ,      ,                  ,            ,         ,        ,                   ,
Adrian Vue         ,                 ,             ,            ,             ,      ,      ,               ,           ,             ,             ,    ,           ,           ,                 ,        ,           ,             ,      ,                ,             ,      ,                   ,           ,             ,              ,             ,             ,              ,                 ,            ,             ,      ,                  ,            ,         ,        ,                   ,
Alexandr Matveev   ,                 ,             ,            ,             ,      ,      ,               ,           ,             ,             ,    ,           ,           ,                 ,        ,           ,             ,      ,                ,             ,      ,                   ,           ,             ,              ,             ,             ,              ,                 ,            ,             ,      ,                  ,            ,         ,        ,                   ,
ihsotas            ,                 ,             ,            ,             ,      ,      ,               ,           ,             ,             ,    ,           ,           ,                 ,        ,           ,             ,      ,                ,             ,      ,                   ,           ,             ,              ,             ,             ,              ,                 ,            ,             ,      ,                  ,            ,         ,        ,                   ,
Dai Zhihao         ,                 ,             ,            ,             ,      ,      ,               ,           ,             ,             ,    ,           ,           ,                 ,        ,           ,             ,      ,                ,             ,      ,                   ,           ,             ,              ,             ,             ,              ,                 ,            ,             ,      ,                  ,            ,         ,        ,                   ,
The Traveler       ,                 ,             ,            ,             ,      ,      ,               ,           ,             ,             ,    ,           ,           ,                 ,        ,           ,             ,      ,                ,             ,      ,                   ,           ,             ,              ,             ,             ,              ,                 ,            ,             ,      ,                  ,            ,         ,        ,                   ,
Yaqut              ,                 ,             ,            ,             ,      ,      ,               ,           ,             ,             ,    ,           ,           ,                 ,        ,           ,             ,      ,                ,             ,      ,                   ,           ,             ,              ,             ,             ,              ,                 ,            ,             ,      ,                  ,            ,         ,        ,                   ,
Dylan the Ricer    ,                 ,             ,            ,             ,      ,      ,               ,           ,             ,             ,    ,           ,           ,                 ,        ,           ,             ,      ,                ,             ,      ,                   ,           ,             ,              ,             ,             ,              ,                 ,            ,             ,      ,                  ,            ,         ,        ,                   ,
Fulco Lister       ,                 ,             ,            ,             ,      ,      ,               ,           ,             ,             ,    ,           ,           ,                 ,        ,           ,             ,      ,                ,             ,      ,                   ,           ,             ,              ,             ,             ,              ,                 ,            ,             ,      ,                  ,            ,         ,        ,                   ,
Hamza              ,                 ,             ,            ,             ,      ,      ,               ,           ,             ,             ,    ,           ,           ,                 ,        ,           ,             ,      ,                ,             ,      ,                   ,           ,             ,              ,             ,             ,              ,                 ,            ,             ,      ,                  ,            ,         ,        ,                   ,
Harrison Arkwright ,                 ,             ,            ,             ,      ,      ,               ,           ,             ,             ,    ,           ,           ,                 ,        ,           ,             ,      ,                ,             ,      ,                   ,           ,             ,              ,             ,             ,              ,                 ,            ,             ,      ,                  ,            ,         ,        ,                   ,
John Smith         ,                 ,             ,            ,             ,      ,      ,               ,           ,             ,             ,    ,           ,           ,                 ,        ,           ,             ,      ,                ,             ,      ,                   ,           ,             ,              ,             ,             ,              ,                 ,            ,             ,      ,                  ,            ,         ,        ,                   ,
Lewis Rodney       ,                 ,             ,            ,             ,      ,      ,               ,           ,             ,             ,    ,           ,           ,                 ,        ,           ,             ,      ,                ,             ,      ,                   ,           ,             ,              ,             ,             ,              ,                 ,            ,             ,      ,                  ,            ,         ,        ,                   ,
Marcel Thomas      ,                 ,             ,            ,             ,      ,      ,               ,           ,             ,             ,    ,           ,           ,                 ,        ,           ,             ,      ,                ,             ,      ,                   ,           ,             ,              ,             ,             ,              ,                 ,            ,             ,      ,                  ,            ,         ,        ,                   ,
Mark Mullens       ,                 ,             ,            ,             ,      ,      ,               ,           ,             ,             ,    ,           ,           ,                 ,        ,           ,             ,      ,                ,             ,      ,                   ,           ,             ,              ,             ,             ,              ,                 ,            ,             ,      ,                  ,            ,         ,        ,                   ,
Nick Mueller       ,                 ,             ,            ,             ,      ,      ,               ,           ,             ,             ,    ,           ,           ,                 ,        ,           ,             ,      ,                ,             ,      ,                   ,           ,             ,              ,             ,             ,              ,                 ,            ,             ,      ,                  ,            ,         ,        ,                   ,
Nirmala Bulan      ,                 ,             ,            ,             ,      ,      ,               ,           ,             ,             ,    ,           ,           ,                 ,        ,           ,             ,      ,                ,             ,      ,                   ,           ,             ,              ,             ,             ,              ,                 ,            ,             ,      ,                  ,            ,         ,        ,                   ,
Rashid Al-Haddad   ,                 ,             ,            ,             ,      ,      ,               ,           ,             ,             ,    ,           ,           ,                 ,        ,           ,             ,      ,                ,             ,      ,                   ,           ,             ,              ,             ,             ,              ,                 ,            ,             ,      ,                  ,            ,         ,        ,                   ,
Sakina Nagi        ,                 ,             ,            ,             ,      ,      ,               ,           ,             ,             ,    ,           ,           ,                 ,        ,           ,             ,      ,                ,             ,      ,                   ,           ,             ,              ,             ,             ,              ,                 ,            ,             ,      ,                  ,            ,         ,        ,                   ,
Taylor Walsh       ,                 ,             ,            ,             ,      ,      ,               ,           ,             ,             ,    ,           ,           ,                 ,        ,           ,             ,      ,                ,             ,      ,                   ,           ,             ,              ,             ,             ,              ,                 ,            ,             ,      ,                  ,            ,         ,        ,                   ,
Thath              ,                 ,             ,            ,             ,      ,      ,               ,           ,             ,             ,    ,           ,           ,                 ,        ,           ,             ,      ,                ,             ,      ,                   ,           ,             ,              ,             ,             ,              ,                 ,            ,             ,      ,                  ,            ,         ,        ,                   ,
The Flaberjackles  ,                 ,             ,            ,             ,      ,      ,               ,           ,             ,             ,    ,           ,           ,                 ,        ,           ,             ,      ,                ,             ,      ,                   ,           ,             ,              ,             ,             ,              ,                 ,            ,             ,      ,                  ,            ,         ,        ,                   ,
Guiying Yan        ,                 ,             ,            ,             ,      ,      ,               ,           ,             ,             ,    ,           ,           ,                 ,        ,           ,             ,      ,                ,             ,      ,                   ,           ,             ,              ,             ,             ,              ,                 ,            ,             ,      ,                  ,            ,         ,        ,                   ,
Mei Liao           ,                 ,             ,            ,             ,      ,      ,               ,           ,             ,             ,    ,           ,           ,                 ,        ,           ,             ,      ,                ,             ,      ,                   ,           ,             ,              ,             ,             ,              ,                 ,            ,             ,      ,                  ,            ,         ,        ,                   ,
Tao Lei            ,                 ,             ,            ,             ,      ,      ,               ,           ,             ,             ,    ,           ,           ,                 ,        ,           ,             ,      ,                ,             ,      ,                   ,           ,             ,              ,             ,             ,              ,                 ,            ,             ,      ,                  ,            ,         ,        ,                   ,
Lorreta the Cougar ,                 ,             ,            ,             ,      ,      ,               ,           ,             ,             ,    ,           ,           ,                 ,        ,           ,             ,      ,                ,             ,      ,                   ,           ,             ,              ,             ,             ,              ,                 ,            ,             ,      ,                  ,            ,         ,        ,                   ,
Felix Vue          ,                 ,             ,            ,             ,      ,      ,               ,           ,             ,             ,    ,           ,           ,                 ,        ,           ,             ,      ,                ,             ,      ,                   ,           ,             ,              ,             ,             ,              ,                 ,            ,             ,      ,                  ,            ,         ,        ,                   ,

